{"cameraMode":{"drawMode":0,"name":"Shaded","section":"Shading Mode"},"sceneLighting":true,"audioPlay":false,"sceneViewState":{"showFog":true,"showMaterialUpdate":false,"showSkybox":true,"showFlares":true,"showImageEffects":true,"showParticleSystems":true},"in2DMode":false,"pivot":{"x":3.5739893913269045,"y":3.5402464866638185,"z":0.036517005413770679},"rotation":{"x":-0.011323628947138787,"y":0.735719621181488,"z":-0.012421452440321446,"w":-0.677213728427887},"size":0.40093767642974856,"orthographic":false}