{"cameraMode":{"drawMode":0,"name":"Shaded","section":"Shading Mode"},"sceneLighting":true,"audioPlay":false,"sceneViewState":{"showFog":true,"showMaterialUpdate":false,"showSkybox":true,"showFlares":true,"showImageEffects":true,"showParticleSystems":true},"in2DMode":false,"pivot":{"x":-1.4393168687820435,"y":2.9261112213134767,"z":6.395163536071777},"rotation":{"x":-0.07522711902856827,"y":0.02759343385696411,"z":-0.001838209107518196,"w":-0.9969838857650757},"size":7.3095197677612309,"orthographic":false}